SampleID,category,xsectioninpb,kfactor,filterefficiency,xsecunc
################################################################################################################,,,,,ls
,,,,,
# top,,,,,
# ttbar,,,,,
410501,     PowhegPythia8EvtGen_A14_ttbar_hdamp258p75_nonallhad,730.17,1.1391,0.544,1
410470,     PhPy8EG_A14_ttbar_hdamp258p75_nonallhad,729.77,1.139756362,0.54383,1
410472,PhPy8EG_A14_ttbar_hdamp258p75_dil,729.77,1.1426887924,1.05E-01,1
,,,,,
# single top,,,,,
410025,    PowhegPythiaEvtGen_P2012_SingleTopSchan_noAllHad_top,2.0514,1.0047821,1,1
410026,    PowhegPythiaEvtGen_P2012_SingleTopSchan_noAllHad_antitop,1.2615,1.02153151,1,1
410011,    PowhegPythiaEvtGen_P2012_singletop_tchan_lept_top,43.739,1.009442374,1,1
410012,    PowhegPythiaEvtGen_P2012_singletop_tchan_lept_antitop,25.778,1.019318799,1,1
410013,    PowhegPythiaEvtGen_P2012_Wt_inclusive_top,34.009,1.054,1,1
410014,    PowhegPythiaEvtGen_P2012_Wt_inclusive_antitop,33.989,1.054,1,1
410015,    PowhegPythiaEvtGen_P2012_Wt_dilepton_top,3.5834,1.054,1,1
410016,    PowhegPythiaEvtGen_P2012_Wt_dilepton_antitop,3.5813,1.054,1,1
410644,    PowhegPythia8EvtGen_A14_singletop_schan_lept_top,2.027,1.017,1,1
410645,    PowhegPythia8EvtGen_A14_singletop_schan_lept_antitop,1.2674,1.0167,1,1
410646,    PowhegPythia8EvtGen_A14_Wt_DR_inclusive_top,37.936,0.945,1,1
410647,    PowhegPythia8EvtGen_A14_Wt_DR_inclusive_antitop,37.905,0.9457,1,1
410648,PowhegPythia8EvtGen_A14_Wt_DR_dilepton_top,3.997,1.0529583752814609,1.000000E+00
410649,PowhegPythia8EvtGen_A14_Wt_DR_dilepton_antitop,3.9939,1.0537756643881917,1.000000E+00
410658,    PhPy8EG_A14_tchan_BW50_lept_top,36.996,1.1935,1,1
410659,    PhPy8EG_A14_tchan_BW50_lept_antitop,22.175,1.1849,1,1
,,,,,
################################################################################################################,,,,,
# VBF,,,,,
,,,,,
308092,    Sherpa_221_NNPDF30NNLO_Zee2jets_Min_N_TChannel,0.63197,1,1,1
308093,    Sherpa_221_NNPDF30NNLO_Zmm2jets_Min_N_TChannel,0.63433,1,1,1
308094,    Sherpa_221_NNPDF30NNLO_Ztautau2jets_Min_N_TChannel,0.63347,1,1,1
700358,Sh_2211_Zee2jets_Min_N_TChannel,0.77943,1,1,1
700359,Sh_2211_Zmm2jets_Min_N_TChannel,0.77949,1,1,1
700360,Sh_2211_Ztt2jets_Min_N_TChannel,0.77916,1,1,1
700361,Sh_2211_Znunu2jets_Min_N_TChannel,3.6571,1.0,1.000000E+00,1
600937,PhPy8EG_A14NNPDF23_VBF_Zee,0.64977,1,1,1
600938,PhPy8EG_A14NNPDF23_VBF_Zmumu,0.64977,1,1,1
600939,PhPy8EG_A14NNPDF23_VBF_Ztautau,0.64977,1,1,1
545882,MGPy8EG_SM_lowMass_eejj,1.0198,1,1,1
545884,MGPy8EG_SM_lowMass_mumujj,1.0198,1,1,1
545886,MGPy8EG_SM_lowMass_tautaujj,1.0718,1,1,1
545883,MGPy8EG_SM_highMass_eejj,0.037388,1,1,1
545885,MGPy8EG_SM_highMass_mumujj,0.037388,1,1,1
545887,MGPy8EG_SM_highMass_tautaujj,0.037449,1,1,1

558313,MGPy8EG_SM_lowMass_tautaujj_v2,0.25826,1.0,1.000000E+00,1
558314,MGPy8EG_SM_highMass_tautaujj_v2,0.0073938,1.0,1.000000E+00,1
,,,,,
################################################################################################################,,,,,
# VBF Z prime,,,,,
,,,,,
545888,MGPy8EG_Zp200_tautaujj_U1X,0.052713,4,1,1
545889,MGPy8EG_Zp250_tautaujj_U1X,0.019435,4,1,1
545890,MGPy8EG_Zp300_tautaujj_U1X,0.0092938,4,1,1
545891,MGPy8EG_Zp350_tautaujj_U1X,0.0051522,4,1,1
545892,MGPy8EG_Zp400_tautaujj_U1X,0.0031486,4,1,1
545893,MGPy8EG_Zp450_tautaujj_U1X,0.002058,4,1,1
545894,MGPy8EG_Zp500_tautaujj_U1X,0.0014064,4,1,1
567845,MGPy8EG_Zp550_tautaujj_U1X,0.00099787,4,1.000000E+00,1
567846,MGPy8EG_Zp600_tautaujj_U1X,0.00072602,4,1.000000E+00,1
567847,MGPy8EG_Zp650_tautaujj_U1X,0.00054185,4,1.000000E+00,1
567848,MGPy8EG_Zp700_tautaujj_U1X,0.00041124,4,1.000000E+00,1
567849,MGPy8EG_Zp750_tautaujj_U1X,0.00031629,4,1.000000E+00,1
567850,MGPy8EG_Zp800_tautaujj_U1X,0.000247,4,1.000000E+00,1
567851,MGPy8EG_Zp850_tautaujj_U1X,0.00019497,4,1.000000E+00,1
567852,MGPy8EG_Zp900_tautaujj_U1X,0.00015521,4,1.000000E+00,1
567853,MGPy8EG_Zp950_tautaujj_U1X,0.00012491,4,1.000000E+00,1
567854,MGPy8EG_Zp1000_tautaujj_U1X,0.0001009,4,1.000000E+00,1
567855,MGPy8EG_Zp1200_tautaujj_U1X,4.6048e-05,4,1.000000E+00,1
567856,MGPy8EG_Zp1400_tautaujj_U1X,2.2681e-05,4,1.000000E+00,1
567857,MGPy8EG_Zp1600_tautaujj_U1X,1.1758e-05,4,1.000000E+00,1
567858,MGPy8EG_Zp1800_tautaujj_U1X,6.3473e-06,4,1.000000E+00,1
567859,MGPy8EG_Zp2000_tautaujj_U1X,3.5423e-06,4,1.000000E+00,1
567860,MGPy8EG_Zp2500_tautaujj_U1X,9.0295e-07,4,1.000000E+00,1
567861,MGPy8EG_Zp3000_tautaujj_U1X,2.5176e-07,4,1.000000E+00,1
,,,,,
################################################################################################################,,,,,
,,,,,
# Diboson,,,,,
363358,   Sherpa_221_NNPDF30NNLO_WqqZll,3.4332,1,1,1
363356,   Sherpa_221_NNPDF30NNLO_ZqqZll,15.561,1,0.14103,1
363357,   Sherpa_221_NNPDF30NNLO_WqqZvv,6.7908,1,1,1
363355,   Sherpa_221_NNPDF30NNLO_ZqqZvv,15.565,1,0.27963,1
363489,   Sherpa_221_NNPDF30NNLO_WlvZqq,11.418,1,1,1
364255,   Sherpa_222_NNPDF30NNLO_lvvv,3.235,1,1,1
364254,   Sherpa_222_NNPDF30NNLO_llvv,12.504,1,1,1
364253,   Sherpa_222_NNPDF30NNLO_lllv,4.5786,1,1,1
364250,   Sherpa_222_NNPDF30NNLO_llll,1.2519,1,1,1

700488,Sh_2211_WlvWqq,109.36,1.0,4.384791E-01,1
700489,Sh_2211_WlvZqq,8.5822,1.0,1.000000E+00,1
700490,Sh_2211_WlvZbb,2.4126,1.0,1.000000E+00,1
700492,Sh_2211_WqqZll,3.3048,1.0,1.000000E+00,1
700493,Sh_2211_ZqqZll,6.3016,1.0,2.634087E-01,1
700494,Sh_2211_ZbbZll,0.97459,1.0,4.790372E-01,1
,,,,,
################################################################################################################,,,,,
,,,,,
# W+jets,,,,,
# Powheg,,,,,
361100, PowhegPythia8EvtGen_AZNLOCTEQ6L1_Wplusenu,11306,1.0172,1,1
361101, PowhegPythia8EvtGen_AZNLOCTEQ6L1_Wplusmunu,11306,1.0172,1,1
361102, PowhegPythia8EvtGen_AZNLOCTEQ6L1_Wplustaunu,11306,1.0172,1,1
361103, PowhegPythia8EvtGen_AZNLOCTEQ6L1_Wminusenu,8282.6,1.0358,1,1
361104, PowhegPythia8EvtGen_AZNLOCTEQ6L1_Wminusmunu,8282.6,1.0358,1,1
361105, PowhegPythia8EvtGen_AZNLOCTEQ6L1_Wminustaunu,8282.6,1.0358,1,1
,,,,,
# Sherpa,,,,,
# e,,,,,
364172,     Sherpa_221_NNPDF30NNLO_Wenu_MAXHTPTV0_70_BFilter,19138,0.9702,0.044838,1
364175,     Sherpa_221_NNPDF30NNLO_Wenu_MAXHTPTV70_140_BFilter,945.74,0.9702,0.10341,1
364178,     Sherpa_221_NNPDF30NNLO_Wenu_MAXHTPTV140_280_BFilter,339.67,0.9702,0.10898,1
364181,     Sherpa_221_NNPDF30NNLO_Wenu_MAXHTPTV280_500_BFilter,72.1,0.9702,0.13706,1
364171,     Sherpa_221_NNPDF30NNLO_Wenu_MAXHTPTV0_70_CFilterBVeto,19146,0.9702,0.13087,1
364174,     Sherpa_221_NNPDF30NNLO_Wenu_MAXHTPTV70_140_CFilterBVeto,945.56,0.9702,0.24378,1
364177,     Sherpa_221_NNPDF30NNLO_Wenu_MAXHTPTV140_280_CFilterBVeto,339.92,0.9702,0.29187,1
364180,     Sherpa_221_NNPDF30NNLO_Wenu_MAXHTPTV280_500_CFilterBVeto,72.112,0.9702,0.31974,1
364170,     Sherpa_221_NNPDF30NNLO_Wenu_MAXHTPTV0_70_CVetoBVeto,19152,0.9702,0.82467,1
364173,     Sherpa_221_NNPDF30NNLO_Wenu_MAXHTPTV70_140_CVetoBVeto,944.67,0.9702,0.67486,1
364176,     Sherpa_221_NNPDF30NNLO_Wenu_MAXHTPTV140_280_CVetoBVeto,339.69,0.9702,0.5988,1
364179,     Sherpa_221_NNPDF30NNLO_Wenu_MAXHTPTV280_500_CVetoBVeto,72.069,0.9702,0.54825,1
364182,     Sherpa_221_NNPDF30NNLO_Wenu_MAXHTPTV500_1000,15.047,0.9702,1,1
364183,     Sherpa_221_NNPDF30NNLO_Wenu_MAXHTPTV1000_E_CMS,1.2342,0.9702,1,1
,,,,,
# mu,,,,,
364158,     Sherpa_221_NNPDF30NNLO_Wmunu_MAXHTPTV0_70_BFilter,19141,0.9702,0.044587,1
364161,     Sherpa_221_NNPDF30NNLO_Wmunu_MAXHTPTV70_140_BFilter,944.34,0.9702,0.083746,1
364164,     Sherpa_221_NNPDF30NNLO_Wmunu_MAXHTPTV140_280_BFilter,339.66,0.9702,0.110298,1
364167,     Sherpa_221_NNPDF30NNLO_Wmunu_MAXHTPTV280_500_BFilter,72.057,0.9702,0.12405,1
364156,     Sherpa_221_NNPDF30NNLO_Wmunu_MAXHTPTV0_70_CVetoBVeto,19151,0.9702,0.8244,1
364159,     Sherpa_221_NNPDF30NNLO_Wmunu_MAXHTPTV70_140_CVetoBVeto,945.52,0.9702,0.672,1
364162,     Sherpa_221_NNPDF30NNLO_Wmunu_MAXHTPTV140_280_CVetoBVeto,339.77,0.9702,0.6028,1
364165,     Sherpa_221_NNPDF30NNLO_Wmunu_MAXHTPTV280_500_CVetoBVeto,72.072,0.9702,0.54755,1
364157,     Sherpa_221_NNPDF30NNLO_Wmunu_MAXHTPTV0_70_CFilterBVeto,19142,0.9702,0.13088,1
364160,     Sherpa_221_NNPDF30NNLO_Wmunu_MAXHTPTV70_140_CFilterBVeto,945.52,0.9702,0.24592,1
364163,     Sherpa_221_NNPDF30NNLO_Wmunu_MAXHTPTV140_280_CFilterBVeto,339.8,0.9702,0.29188,1
364166,     Sherpa_221_NNPDF30NNLO_Wmunu_MAXHTPTV280_500_CFilterBVeto,72.093,0.9702,0.32013,1
364168,     Sherpa_221_NNPDF30NNLO_Wmunu_MAXHTPTV500_1000,15.007,0.9702,1,1
364169,     Sherpa_221_NNPDF30NNLO_Wmunu_MAXHTPTV1000_E_CMS,1.2349,0.9702,1,1
,,,,,
# tau,,,,,
364186,     Sherpa_221_NNPDF30NNLO_Wtaunu_MAXHTPTV0_70_BFilter,19147,0.9702,0.045038,1
364189,     Sherpa_221_NNPDF30NNLO_Wtaunu_MAXHTPTV70_140_BFilter,945.6,0.9702,0.10391,1
364192,     Sherpa_221_NNPDF30NNLO_Wtaunu_MAXHTPTV140_280_BFilter,339.13,0.9702,0.10247,1
364195,     Sherpa_221_NNPDF30NNLO_Wtaunu_MAXHTPTV280_500_BFilter,71.95,0.9702,0.13592,1
364184,     Sherpa_221_NNPDF30NNLO_Wtaunu_MAXHTPTV0_70_CVetoBVeto,19156,0.9702,0.82465,1
364187,     Sherpa_221_NNPDF30NNLO_Wtaunu_MAXHTPTV70_140_CVetoBVeto,944.97,0.9702,0.67644,1
364190,     Sherpa_221_NNPDF30NNLO_Wtaunu_MAXHTPTV140_280_CVetoBVeto,339.79,0.9702,0.59869,1
364193,     Sherpa_221_NNPDF30NNLO_Wtaunu_MAXHTPTV280_500_CVetoBVeto,72.085,0.9702,0.54821,1
364185,     Sherpa_221_NNPDF30NNLO_Wtaunu_MAXHTPTV0_70_CFilterBVeto,19149,0.9702,0.13157,1
364188,     Sherpa_221_NNPDF30NNLO_Wtaunu_MAXHTPTV70_140_CFilterBVeto,946.19,0.9702,0.24253,1
364191,     Sherpa_221_NNPDF30NNLO_Wtaunu_MAXHTPTV140_280_CFilterBVeto,339.68,0.9702,0.28465,1
364194,     Sherpa_221_NNPDF30NNLO_Wtaunu_MAXHTPTV280_500_CFilterBVeto,71.995,0.9702,0.31883,1
364196,     Sherpa_221_NNPDF30NNLO_Wtaunu_MAXHTPTV500_1000,15.051,0.9702,1,1
364197,     Sherpa_221_NNPDF30NNLO_Wtaunu_MAXHTPTV1000_E_CMS,1.234,0.9702,1,1
,,,,,
################################################################################################################,,,,,
,,,,,
# Z+jets,,,,,
# Powheg,,,,,
361106, PowhegPythia8EvtGen_AZNLOCTEQ6L1_Zee,1901.2,1.026,1,1
361107, PowhegPythia8EvtGen_AZNLOCTEQ6L1_Zmumu,1901.2,1.026,1,1
361108, PowhegPythia8EvtGen_AZNLOCTEQ6L1_Ztautau,1901.2,1.026,1,1
,,,,,
# Sherpa,,,,,
# e,,,,,
,,,,,
364116,    Sherpa_221_NNPDF30NNLO_Zee_MAXHTPTV0_70_BFilter,1982,0.9751,0.065194,1
364119,    Sherpa_221_NNPDF30NNLO_Zee_MAXHTPTV70_140_BFilter,110.53,0.9751,0.11587,1
364122,    Sherpa_221_NNPDF30NNLO_Zee_MAXHTPTV140_280_BFilter,40.68,0.9751,0.15352,1
364125,    Sherpa_221_NNPDF30NNLO_Zee_MAXHTPTV280_500_BFilter,8.6801,0.9751,0.17632,1
364114,    Sherpa_221_NNPDF30NNLO_Zee_MAXHTPTV0_70_CVetoBVeto,1982.8,0.9751,0.8212,1
364117,    Sherpa_221_NNPDF30NNLO_Zee_MAXHTPTV70_140_CVetoBVeto,110.71,0.9751,0.69362,1
364120,    Sherpa_221_NNPDF30NNLO_Zee_MAXHTPTV140_280_CVetoBVeto,40.645,0.9751,0.61591,1
364123,    Sherpa_221_NNPDF30NNLO_Zee_MAXHTPTV280_500_CVetoBVeto,8.6716,0.9751,0.56429,1
364126,    Sherpa_221_NNPDF30NNLO_Zee_MAXHTPTV500_1000,1.8089,0.9751,1,1
364127,    Sherpa_221_NNPDF30NNLO_Zee_MAXHTPTV1000_E_CMS,0.14881,0.9751,1,1
364115,    Sherpa_221_NNPDF30NNLO_Zee_MAXHTPTV0_70_CFilterBVeto,1981.7,0.9751,0.11367,1
364118,    Sherpa_221_NNPDF30NNLO_Zee_MAXHTPTV70_140_CFilterBVeto,110.5,0.9751,0.18933,1
364121,    Sherpa_221_NNPDF30NNLO_Zee_MAXHTPTV140_280_CFilterBVeto,40.674,0.9751,0.23268,1
364124,    Sherpa_221_NNPDF30NNLO_Zee_MAXHTPTV280_500_CFilterBVeto,8.6668,0.9751,0.26531,1
,,,,,
#mu,,,,,
364102,    Sherpa_221_NNPDF30NNLO_Zmumu_MAXHTPTV0_70_BFilter,1981.5,0.9751,0.065853,1
364105,    Sherpa_221_NNPDF30NNLO_Zmumu_MAXHTPTV70_140_BFilter,109.05,0.9751,0.11374,1
364108,    Sherpa_221_NNPDF30NNLO_Zmumu_MAXHTPTV140_280_BFilter,39.888,0.9751,0.1557,1
364111,    Sherpa_221_NNPDF30NNLO_Zmumu_MAXHTPTV280_500_BFilter,8.5301,0.9751,0.17666,1
364100,    Sherpa_221_NNPDF30NNLO_Zmumu_MAXHTPTV0_70_CVetoBVeto,1981.7,0.9751,0.82152,1
364103,    Sherpa_221_NNPDF30NNLO_Zmumu_MAXHTPTV70_140_CVetoBVeto,109.07,0.9751,0.68831,1
364106,    Sherpa_221_NNPDF30NNLO_Zmumu_MAXHTPTV140_280_CVetoBVeto,39.87,0.9751,0.61125,1
364109,    Sherpa_221_NNPDF30NNLO_Zmumu_MAXHTPTV280_500_CVetoBVeto,8.522,0.9751,0.56046,1
364113,    Sherpa_221_NNPDF30NNLO_Zmumu_MAXHTPTV1000_E_CMS,0.1476,0.9751,1,1
364112,    Sherpa_221_NNPDF30NNLO_Zmumu_MAXHTPTV500_1000,1.7876,0.9751,1,1
364101,    Sherpa_221_NNPDF30NNLO_Zmumu_MAXHTPTV0_70_CFilterBVeto,1982.6,0.9751,0.11357,1
364104,    Sherpa_221_NNPDF30NNLO_Zmumu_MAXHTPTV70_140_CFilterBVeto,108.98,0.9751,0.19027,1
364110,    Sherpa_221_NNPDF30NNLO_Zmumu_MAXHTPTV280_500_CFilterBVeto,8.5194,0.9751,0.26621,1
364107,    Sherpa_221_NNPDF30NNLO_Zmumu_MAXHTPTV140_280_CFilterBVeto,39.857,0.9751,0.23359,1
,,,,,
#tau,,,,,
364130,    Sherpa_221_NNPDF30NNLO_Ztautau_MAXHTPTV0_70_BFilter,1982.1,0.9751,0.065759,1
364133,    Sherpa_221_NNPDF30NNLO_Ztautau_MAXHTPTV70_140_BFilter,110.63,0.9751,0.110886,1
364136,    Sherpa_221_NNPDF30NNLO_Ztautau_MAXHTPTV140_280_BFilter,40.735,0.9751,0.15608,1
364139,    Sherpa_221_NNPDF30NNLO_Ztautau_MAXHTPTV280_500_BFilter,8.6797,0.9751,0.17626,1
364128,    Sherpa_221_NNPDF30NNLO_Ztautau_MAXHTPTV0_70_CVetoBVeto,1981.7,0.9751,0.82142,1
364131,    Sherpa_221_NNPDF30NNLO_Ztautau_MAXHTPTV70_140_CVetoBVeto,110.56,0.9751,0.6926,1
364134,    Sherpa_221_NNPDF30NNLO_Ztautau_MAXHTPTV140_280_CVetoBVeto,40.793,0.9751,0.61823,1
364137,    Sherpa_221_NNPDF30NNLO_Ztautau_MAXHTPTV280_500_CVetoBVeto,8.6642,0.9751,0.56327,1
364140,    Sherpa_221_NNPDF30NNLO_Ztautau_MAXHTPTV500_1000,1.8079,0.9751,1,1
364141,    Sherpa_221_NNPDF30NNLO_Ztautau_MAXHTPTV1000_E_CMS,0.14823,0.9751,1,1
364129,    Sherpa_221_NNPDF30NNLO_Ztautau_MAXHTPTV0_70_CFilterBVeto,1981.6,0.9751,0.10907,1
364132,    Sherpa_221_NNPDF30NNLO_Ztautau_MAXHTPTV70_140_CFilterBVeto,110.55,0.9751,0.1902,1
364135,    Sherpa_221_NNPDF30NNLO_Ztautau_MAXHTPTV140_280_CFilterBVeto,40.718,0.9751,0.23417,1
364138,    Sherpa_221_NNPDF30NNLO_Ztautau_MAXHTPTV280_500_CFilterBVeto,8.6756,0.9751,0.26523,1
,,,,,
,,,,,
# SherpaNLO,,,,,
# Zee,,,,,
700320,Sh_2211_Zee_maxHTpTV2_BFilter,2221.2,1,2.49E-02,1
700321,Sh_2211_Zee_maxHTpTV2_CFilterBVeto,2221.2,1,0.1298145,1
700322,Sh_2211_Zee_maxHTpTV2_CVetoBVeto,2221.2,1,8.46E-01,1
,,,,,
# Zmumu,,,,,
700323,Sh_2211_Zmumu_maxHTpTV2_BFilter,2221.3,1,2.44E-02,1
700324,Sh_2211_Zmumu_maxHTpTV2_CFilterBVeto,2221.3,1,0.13003,1
700325,Sh_2211_Zmumu_maxHTpTV2_CVetoBVeto,2221.3,1,8.46E-01,1
,,,,,
# Ztautau,,,,,
700326,Sh_2211_Ztautau_LL_maxHTpTV2_BFilter,275.33,1,0.0249068,1
700327,Sh_2211_Ztautau_LL_maxHTpTV2_CFilterBVeto,275.33,1,1.25E-01,1
700328,Sh_2211_Ztautau_LL_maxHTpTV2_CVetoBVeto,275.33,1,8.50E-01,1
700329,Sh_2211_Ztautau_LH_maxHTpTV2_BFilter,1013.2,1,2.44E-02,1
700330,Sh_2211_Ztautau_LH_maxHTpTV2_CFilterBVeto,1013.2,1,1.25E-01,1
700331,Sh_2211_Ztautau_LH_maxHTpTV2_CVetoBVeto,1013.2,1,8.50E-01,1
700332,Sh_2211_Ztautau_HH_maxHTpTV2_BFilter,932.53,1,2.46E-02,1
700333,Sh_2211_Ztautau_HH_maxHTpTV2_CFilterBVeto,932.53,1,0.1247522,1
700334,Sh_2211_Ztautau_HH_maxHTpTV2_CVetoBVeto,932.53,1,8.50E-01,1

700792,Sh_2214_Ztautau_maxHTpTV2_BFilter,2239.6,1.0,2.486526E-02,1
700793,Sh_2214_Ztautau_maxHTpTV2_CFilterBVeto,2239.6,1.0,1.291589E-01,1
700794,Sh_2214_Ztautau_maxHTpTV2_CVetoBVeto,2239.7,1.0,8.459542E-01,1
,,,,,
,,,,,
# MadGraph,,,,,
# mu,,,,,
363123,MGPy8EG_N30NLO_Zmumu_Ht0_70_CVetoBVeto.recon.A,1714.9,1.141,0.83167,1
363123,MGPy8EG_N30NLO_Zmumu_Ht0_70_CVetoBVeto.recon.A,1714.6,1.141,0.83163,1
363123,MGPy8EG_N30NLO_Zmumu_Ht0_70_CVetoBVeto.recon.A,1714.9,1.141,0.83167,1
363124,MGPy8EG_N30NLO_Zmumu_Ht0_70_CFilterBVeto.recon,1715.2,1.141,0.10879,1
363124,MGPy8EG_N30NLO_Zmumu_Ht0_70_CFilterBVeto.recon,1715.1,1.141,0.10878,1
363124,MGPy8EG_N30NLO_Zmumu_Ht0_70_CFilterBVeto.recon,1715.2,1.141,0.10879,1
363125,MGPy8EG_N30NLO_Zmumu_Ht0_70_BFilter.recon.AOD.,1715.6,1.141,0.059371,1
363125,MGPy8EG_N30NLO_Zmumu_Ht0_70_BFilter.recon.AOD.,1715.7,1.141,0.05934,1
363125,MGPy8EG_N30NLO_Zmumu_Ht0_70_BFilter.recon.AOD.,1715.6,1.141,0.059371,1
363126,MGPy8EG_N30NLO_Zmumu_Ht70_140_CVetoBVeto.recon,84.576,1.141,0.71882,1
363126,MGPy8EG_N30NLO_Zmumu_Ht70_140_CVetoBVeto.recon,84.586,1.141,0.71863,1
363126,MGPy8EG_N30NLO_Zmumu_Ht70_140_CVetoBVeto.recon,84.576,1.141,0.71882,1
363127,MGPy8EG_N30NLO_Zmumu_Ht70_140_CFilterBVeto.rec,84.572,1.141,0.17409,1
363127,MGPy8EG_N30NLO_Zmumu_Ht70_140_CFilterBVeto.rec,84.574,1.141,0.17417,1
363127,MGPy8EG_N30NLO_Zmumu_Ht70_140_CFilterBVeto.rec,84.572,1.141,0.17409,1
363128,MGPy8EG_N30NLO_Zmumu_Ht70_140_BFilter.recon.AO,84.748,1.141,0.10841,1
363128,MGPy8EG_N30NLO_Zmumu_Ht70_140_BFilter.recon.AO,84.746,1.141,0.10842,1
363128,MGPy8EG_N30NLO_Zmumu_Ht70_140_BFilter.recon.AO,84.748,1.141,0.10841,1
363129,MGPy8EG_N30NLO_Zmumu_Ht140_280_CVetoBVeto.reco,35.886,1.141,0.67447,1
363129,MGPy8EG_N30NLO_Zmumu_Ht140_280_CVetoBVeto.reco,35.879,1.141,0.67457,1
363129,MGPy8EG_N30NLO_Zmumu_Ht140_280_CVetoBVeto.reco,35.886,1.141,0.67447,1
363130,MGPy8EG_N30NLO_Zmumu_Ht140_280_CFilterBVeto.re,35.888,1.141,0.20036,1
363130,MGPy8EG_N30NLO_Zmumu_Ht140_280_CFilterBVeto.re,35.898,1.141,0.20032,1
363130,MGPy8EG_N30NLO_Zmumu_Ht140_280_CFilterBVeto.re,35.888,1.141,0.20036,1
363131,MGPy8EG_N30NLO_Zmumu_Ht140_280_BFilter.recon.A,35.88,1.141,0.12631,1
363131,MGPy8EG_N30NLO_Zmumu_Ht140_280_BFilter.recon.A,35.874,1.141,0.12633,1
363131,MGPy8EG_N30NLO_Zmumu_Ht140_280_BFilter.recon.A,35.88,1.141,0.12631,1
363132,MGPy8EG_N30NLO_Zmumu_Ht280_500_CVetoBVeto.reco,8.1928,1.141,0.62869,1
363132,MGPy8EG_N30NLO_Zmumu_Ht280_500_CVetoBVeto.reco,8.1916,1.141,0.62873,1
363132,MGPy8EG_N30NLO_Zmumu_Ht280_500_CVetoBVeto.reco,8.1928,1.141,0.62869,1
363133,MGPy8EG_N30NLO_Zmumu_Ht280_500_CFilterBVeto.re,8.1804,1.141,0.22876,1
363133,MGPy8EG_N30NLO_Zmumu_Ht280_500_CFilterBVeto.re,8.1789,1.141,0.22875,1
363133,MGPy8EG_N30NLO_Zmumu_Ht280_500_CFilterBVeto.re,8.1804,1.141,0.22876,1
363134,MGPy8EG_N30NLO_Zmumu_Ht280_500_BFilter.recon.A,8.1747,1.141,0.14307,1
363134,MGPy8EG_N30NLO_Zmumu_Ht280_500_BFilter.recon.A,8.1765,1.141,0.14301,1
363134,MGPy8EG_N30NLO_Zmumu_Ht280_500_BFilter.recon.A,8.1747,1.141,0.14307,1
363135,MGPy8EG_N30NLO_Zmumu_Ht500_700_CVetoBVeto.reco,1.2715,1.141,0.5967,1
363135,MGPy8EG_N30NLO_Zmumu_Ht500_700_CVetoBVeto.reco,1.2713,1.141,0.59688,1
363135,MGPy8EG_N30NLO_Zmumu_Ht500_700_CVetoBVeto.reco,1.2715,1.141,0.5967,1
363136,MGPy8EG_N30NLO_Zmumu_Ht500_700_CFilterBVeto.re,1.2674,1.141,0.24962,1
363136,MGPy8EG_N30NLO_Zmumu_Ht500_700_CFilterBVeto.re,1.2671,1.141,0.24985,1
363136,MGPy8EG_N30NLO_Zmumu_Ht500_700_CFilterBVeto.re,1.2674,1.141,0.24962,1
363137,MGPy8EG_N30NLO_Zmumu_Ht500_700_BFilter.recon.A,1.269,1.141,0.15385,1
363137,MGPy8EG_N30NLO_Zmumu_Ht500_700_BFilter.recon.A,1.2697,1.141,0.15423,1
363137,MGPy8EG_N30NLO_Zmumu_Ht500_700_BFilter.recon.A,1.269,1.141,0.15385,1
363138,MGPy8EG_N30NLO_Zmumu_Ht700_1000_CVetoBVeto.rec,0.4428,1.141,0.57754,1
363138,MGPy8EG_N30NLO_Zmumu_Ht700_1000_CVetoBVeto.rec,0.44175,1.141,0.57874,1
363138,MGPy8EG_N30NLO_Zmumu_Ht700_1000_CVetoBVeto.rec,0.4428,1.141,0.57754,1
363139,MGPy8EG_N30NLO_Zmumu_Ht700_1000_CFilterBVeto.r,0.44356,1.141,0.26195,1
363139,MGPy8EG_N30NLO_Zmumu_Ht700_1000_CFilterBVeto.r,0.44346,1.141,0.26081,1
363139,MGPy8EG_N30NLO_Zmumu_Ht700_1000_CFilterBVeto.r,0.44356,1.141,0.26195,1
363140,MGPy8EG_N30NLO_Zmumu_Ht700_1000_BFilter.recon.,0.44384,1.141,0.16178,1
363140,MGPy8EG_N30NLO_Zmumu_Ht700_1000_BFilter.recon.,0.44398,1.141,0.16182,1
363140,MGPy8EG_N30NLO_Zmumu_Ht700_1000_BFilter.recon.,0.44384,1.141,0.16178,1
363141,MGPy8EG_N30NLO_Zmumu_Ht1000_2000_CVetoBVeto.re,0.14715,1.141,0.55345,1
363141,MGPy8EG_N30NLO_Zmumu_Ht1000_2000_CVetoBVeto.re,0.14713,1.141,0.55301,1
363141,MGPy8EG_N30NLO_Zmumu_Ht1000_2000_CVetoBVeto.re,0.14715,1.141,0.55345,1
363142,MGPy8EG_N30NLO_Zmumu_Ht1000_2000_CFilterBVeto.,0.14728,1.141,0.2771,1
363142,MGPy8EG_N30NLO_Zmumu_Ht1000_2000_CFilterBVeto.,0.14733,1.141,0.27725,1
363142,MGPy8EG_N30NLO_Zmumu_Ht1000_2000_CFilterBVeto.,0.14728,1.141,0.2771,1
363143,MGPy8EG_N30NLO_Zmumu_Ht1000_2000_BFilter.recon,0.14753,1.141,0.17031,1
363143,MGPy8EG_N30NLO_Zmumu_Ht1000_2000_BFilter.recon,0.14753,1.141,0.17033,1
363143,MGPy8EG_N30NLO_Zmumu_Ht1000_2000_BFilter.recon,0.14753,1.141,0.17031,1
363144,MGPy8EG_N30NLO_Zmumu_Ht2000_E_CMS_CVetoBVeto.r,0.0055036,1.141,0.53671,1
363144,MGPy8EG_N30NLO_Zmumu_Ht2000_E_CMS_CVetoBVeto.r,0.005504,1.141,0.53646,1
363144,MGPy8EG_N30NLO_Zmumu_Ht2000_E_CMS_CVetoBVeto.r,0.0055036,1.141,0.53671,1
363145,MGPy8EG_N30NLO_Zmumu_Ht2000_E_CMS_CFilterBVeto,0.0055322,1.141,0.2917,1
363145,MGPy8EG_N30NLO_Zmumu_Ht2000_E_CMS_CFilterBVeto,0.0055327,1.141,0.29187,1
363145,MGPy8EG_N30NLO_Zmumu_Ht2000_E_CMS_CFilterBVeto,0.0055322,1.141,0.2917,1
363146,MGPy8EG_N30NLO_Zmumu_Ht2000_E_CMS_BFilter.reco,0.005549,1.141,0.1746,1
363146,MGPy8EG_N30NLO_Zmumu_Ht2000_E_CMS_BFilter.reco,0.0055443,1.141,0.1745,1
363146,MGPy8EG_N30NLO_Zmumu_Ht2000_E_CMS_BFilter.reco,0.005549,1.141,0.1746,1
# e,,,,,
363147,MGPy8EG_N30NLO_Zee_Ht0_70_CVetoBVeto.recon.AOD,1719.3,1.141,0.83307,1
363147,MGPy8EG_N30NLO_Zee_Ht0_70_CVetoBVeto.recon.AOD,1719.5,1.141,0.83317,1
363147,MGPy8EG_N30NLO_Zee_Ht0_70_CVetoBVeto.recon.AOD,1719.3,1.141,0.83307,1
363148,MGPy8EG_N30NLO_Zee_Ht0_70_CFilterBVeto.recon.A,1718.8,1.141,0.10865,1
363148,MGPy8EG_N30NLO_Zee_Ht0_70_CFilterBVeto.recon.A,1718.8,1.141,0.10865,1
363148,MGPy8EG_N30NLO_Zee_Ht0_70_CFilterBVeto.recon.A,1718.8,1.141,0.10865,1
363149,MGPy8EG_N30NLO_Zee_Ht0_70_BFilter.recon.AOD.e4,1719.4,1.141,0.060314,1
363149,MGPy8EG_N30NLO_Zee_Ht0_70_BFilter.recon.AOD.e4,1719.3,1.141,0.06031,1
363149,MGPy8EG_N30NLO_Zee_Ht0_70_BFilter.recon.AOD.e4,1719.4,1.141,0.060314,1
363150,MGPy8EG_N30NLO_Zee_Ht70_140_CVetoBVeto.recon.A,85.079,1.141,0.7189,1
363150,MGPy8EG_N30NLO_Zee_Ht70_140_CVetoBVeto.recon.A,85.1,1.141,0.7189,1
363150,MGPy8EG_N30NLO_Zee_Ht70_140_CVetoBVeto.recon.A,85.079,1.141,0.7189,1
363151,MGPy8EG_N30NLO_Zee_Ht70_140_CFilterBVeto.recon,85.056,1.141,0.17683,1
363151,MGPy8EG_N30NLO_Zee_Ht70_140_CFilterBVeto.recon,85.059,1.141,0.17683,1
363151,MGPy8EG_N30NLO_Zee_Ht70_140_CFilterBVeto.recon,85.056,1.141,0.17683,1
363152,MGPy8EG_N30NLO_Zee_Ht70_140_BFilter.recon.AOD.,85.164,1.141,0.1132,1
363152,MGPy8EG_N30NLO_Zee_Ht70_140_BFilter.recon.AOD.,85.15,1.141,0.1132,1
363152,MGPy8EG_N30NLO_Zee_Ht70_140_BFilter.recon.AOD.,85.164,1.141,0.1132,1
363153,MGPy8EG_N30NLO_Zee_Ht140_280_CVetoBVeto.recon.,36.001,1.141,0.67412,1
363153,MGPy8EG_N30NLO_Zee_Ht140_280_CVetoBVeto.recon.,35.994,1.141,0.67406,1
363153,MGPy8EG_N30NLO_Zee_Ht140_280_CVetoBVeto.recon.,36.001,1.141,0.67412,1
363154,MGPy8EG_N30NLO_Zee_Ht140_280_CFilterBVeto.reco,36.012,1.141,0.20365,1
363154,MGPy8EG_N30NLO_Zee_Ht140_280_CFilterBVeto.reco,36.01,1.141,0.20364,1
363154,MGPy8EG_N30NLO_Zee_Ht140_280_CFilterBVeto.reco,36.012,1.141,0.20365,1
363155,MGPy8EG_N30NLO_Zee_Ht140_280_BFilter.recon.AOD,36.053,1.141,0.13187,1
363155,MGPy8EG_N30NLO_Zee_Ht140_280_BFilter.recon.AOD,36.05,1.141,0.13179,1
363155,MGPy8EG_N30NLO_Zee_Ht140_280_BFilter.recon.AOD,36.053,1.141,0.13187,1
363156,MGPy8EG_N30NLO_Zee_Ht280_500_CVetoBVeto.recon.,8.2037,1.141,0.62992,1
363156,MGPy8EG_N30NLO_Zee_Ht280_500_CVetoBVeto.recon.,8.2025,1.141,0.63012,1
363156,MGPy8EG_N30NLO_Zee_Ht280_500_CVetoBVeto.recon.,8.2037,1.141,0.62992,1
363157,MGPy8EG_N30NLO_Zee_Ht280_500_CFilterBVeto.reco,8.2139,1.141,0.23183,1
363157,MGPy8EG_N30NLO_Zee_Ht280_500_CFilterBVeto.reco,8.2111,1.141,0.23189,1
363157,MGPy8EG_N30NLO_Zee_Ht280_500_CFilterBVeto.reco,8.2139,1.141,0.23183,1
363158,MGPy8EG_N30NLO_Zee_Ht280_500_BFilter.recon.AOD,8.2425,1.141,0.1479,1
363158,MGPy8EG_N30NLO_Zee_Ht280_500_BFilter.recon.AOD,8.2431,1.141,0.15001,1
363158,MGPy8EG_N30NLO_Zee_Ht280_500_BFilter.recon.AOD,8.2425,1.141,0.1479,1
363159,MGPy8EG_N30NLO_Zee_Ht500_700_CVetoBVeto.recon.,1.2756,1.141,0.59918,1
363159,MGPy8EG_N30NLO_Zee_Ht500_700_CVetoBVeto.recon.,1.2756,1.141,0.59925,1
363159,MGPy8EG_N30NLO_Zee_Ht500_700_CVetoBVeto.recon.,1.2756,1.141,0.59918,1
363160,MGPy8EG_N30NLO_Zee_Ht500_700_CFilterBVeto.reco,1.2754,1.141,0.25301,1
363160,MGPy8EG_N30NLO_Zee_Ht500_700_CFilterBVeto.reco,1.2753,1.141,0.25293,1
363160,MGPy8EG_N30NLO_Zee_Ht500_700_CFilterBVeto.reco,1.2754,1.141,0.25301,1
363161,MGPy8EG_N30NLO_Zee_Ht500_700_BFilter.recon.AOD,1.2741,1.141,0.1613,1
363161,MGPy8EG_N30NLO_Zee_Ht500_700_BFilter.recon.AOD,1.2732,1.141,0.16137,1
363161,MGPy8EG_N30NLO_Zee_Ht500_700_BFilter.recon.AOD,1.2741,1.141,0.1613,1
363162,MGPy8EG_N30NLO_Zee_Ht700_1000_CVetoBVeto.recon,0.44557,1.141,0.57769,1
363162,MGPy8EG_N30NLO_Zee_Ht700_1000_CVetoBVeto.recon,0.44638,1.141,0.57804,1
363162,MGPy8EG_N30NLO_Zee_Ht700_1000_CVetoBVeto.recon,0.44557,1.141,0.57769,1
363163,MGPy8EG_N30NLO_Zee_Ht700_1000_CFilterBVeto.rec,0.44592,1.141,0.26649,1
363163,MGPy8EG_N30NLO_Zee_Ht700_1000_CFilterBVeto.rec,0.44583,1.141,0.26637,1
363163,MGPy8EG_N30NLO_Zee_Ht700_1000_CFilterBVeto.rec,0.44592,1.141,0.26649,1
363164,MGPy8EG_N30NLO_Zee_Ht700_1000_BFilter.recon.AO,0.44637,1.141,0.16931,1
363164,MGPy8EG_N30NLO_Zee_Ht700_1000_BFilter.recon.AO,0.44649,1.141,0.16923,1
363164,MGPy8EG_N30NLO_Zee_Ht700_1000_BFilter.recon.AO,0.44637,1.141,0.16931,1
363165,MGPy8EG_N30NLO_Zee_Ht1000_2000_CVetoBVeto.reco,0.15224,1.141,0.56096,1
363165,MGPy8EG_N30NLO_Zee_Ht1000_2000_CVetoBVeto.reco,0.15216,1.141,0.56118,1
363165,MGPy8EG_N30NLO_Zee_Ht1000_2000_CVetoBVeto.reco,0.15224,1.141,0.56096,1
363166,MGPy8EG_N30NLO_Zee_Ht1000_2000_CFilterBVeto.re,0.15287,1.141,0.28674,1
363166,MGPy8EG_N30NLO_Zee_Ht1000_2000_CFilterBVeto.re,0.15286,1.141,0.28687,1
363166,MGPy8EG_N30NLO_Zee_Ht1000_2000_CFilterBVeto.re,0.15287,1.141,0.28674,1
363167,MGPy8EG_N30NLO_Zee_Ht1000_2000_BFilter.recon.A,0.15379,1.141,0.18318,1
363167,MGPy8EG_N30NLO_Zee_Ht1000_2000_BFilter.recon.A,0.15383,1.141,0.18316,1
363167,MGPy8EG_N30NLO_Zee_Ht1000_2000_BFilter.recon.A,0.15379,1.141,0.18318,1
363168,MGPy8EG_N30NLO_Zee_Ht2000_E_CMS_CVetoBVeto.rec,0.0056842,1.141,0.5365,1
363168,MGPy8EG_N30NLO_Zee_Ht2000_E_CMS_CVetoBVeto.rec,0.0056994,1.141,0.53678,1
363168,MGPy8EG_N30NLO_Zee_Ht2000_E_CMS_CVetoBVeto.rec,0.0056842,1.141,0.5365,1
363169,MGPy8EG_N30NLO_Zee_Ht2000_E_CMS_CFilterBVeto.r,0.0057315,1.141,0.303,1
363169,MGPy8EG_N30NLO_Zee_Ht2000_E_CMS_CFilterBVeto.r,0.0057321,1.141,0.30249,1
363169,MGPy8EG_N30NLO_Zee_Ht2000_E_CMS_CFilterBVeto.r,0.0057315,1.141,0.303,1
363170,MGPy8EG_N30NLO_Zee_Ht2000_E_CMS_BFilter.recon.,0.0057604,1.141,0.19217,1
363170,MGPy8EG_N30NLO_Zee_Ht2000_E_CMS_BFilter.recon.,0.0057589,1.141,0.19146,1
363170,MGPy8EG_N30NLO_Zee_Ht2000_E_CMS_BFilter.recon.,0.0057604,1.141,0.19217,1
# tau,,,,,
361510,MadGraphPythia8EvtGen_A14NNPDF23LO_Ztautau_Np0,1398.8,1.232,1,1
361510,MadGraphPythia8EvtGen_A14NNPDF23LO_Ztautau_Np0,1398.9,1.232,1,1
361510,MadGraphPythia8EvtGen_A14NNPDF23LO_Ztautau_Np0,1398.8,1.232,1,1
361511,MadGraphPythia8EvtGen_A14NNPDF23LO_Ztautau_Np1,211.44,1.232,1,1
361511,MadGraphPythia8EvtGen_A14NNPDF23LO_Ztautau_Np1,211.47,1.232,1,1
361511,MadGraphPythia8EvtGen_A14NNPDF23LO_Ztautau_Np1,211.44,1.232,1,1
361512,MadGraphPythia8EvtGen_A14NNPDF23LO_Ztautau_Np2,67.197,1.232,1,1
361512,MadGraphPythia8EvtGen_A14NNPDF23LO_Ztautau_Np2,67.214,1.232,1,1
361512,MadGraphPythia8EvtGen_A14NNPDF23LO_Ztautau_Np2,67.197,1.232,1,1
361513,MadGraphPythia8EvtGen_A14NNPDF23LO_Ztautau_Np3,18.612,1.232,1,1
361513,MadGraphPythia8EvtGen_A14NNPDF23LO_Ztautau_Np3,18.61,1.232,1,1
361513,MadGraphPythia8EvtGen_A14NNPDF23LO_Ztautau_Np3,18.612,1.232,1,1
361514,MadGraphPythia8EvtGen_A14NNPDF23LO_Ztautau_Np4,7.2598,1.232,1,1
361514,MadGraphPythia8EvtGen_A14NNPDF23LO_Ztautau_Np4,7.2523,1.232,1,1
361514,MadGraphPythia8EvtGen_A14NNPDF23LO_Ztautau_Np4,7.2598,1.232,1,1
,,,,,
,,,,,
# MadGraph NLO,,,,,
# Zee,,,,,
506193,MGPy8EG_Zee_FxFx_3jets_HT2bias_BFilter,2270.7,1,2.18E-02,1
506194,MGPy8EG_Zee_FxFx_3jets_HT2bias_CFilterBVeto,2265.8,1,1.21E-01,1
506195,MGPy8EG_Zee_FxFx_3jets_HT2bias_CVetoBVeto,2268,1,8.57E-01,1
,,,,,
# Zmumu,,,,,
506196,MGPy8EG_Zmumu_FxFx_3jets_HT2bias_BFilter,2274.1,1,2.14E-02,1
506197,MGPy8EG_Zmumu_FxFx_3jets_HT2bias_CFilterBVeto,2272.4,1,1.21E-01,1
506198,MGPy8EG_Zmumu_FxFx_3jets_HT2bias_CVetoBVeto,2267.8,1,8.57E-01,1
,,,,,
# Ztautau,,,,,
512198,MGPy8EG_FxFx_Ztautau_3jets_HT2bias_BFilter,2272.7,1,2.18E-02,1
512199,MGPy8EG_FxFx_Ztautau_3jets_HT2bias_CFilterBVeto,2271.6,1,1.22E-01,1
512200,MGPy8EG_FxFx_Ztautau_3jets_HT2bias_CVetoBVeto,2269,1,8.56E-01,1
,,,,,
################################################################################################################,,,,,
,,,,,
#Higgs,,,,,
# ZH,,,,,
345055,PowhegPythia8EvtGen_NNPDF3_AZNLO_ZH125J_MINLO_llbb_VpT,0.044837,1,1,1
346329,PowhegPy8EG_NNPDF30_AZNLO_ggZH125_lltautau_filt,0.0057586,1,0.64816,1
#WH,,,,,
345212,PowhegPy8EG_NNPDF30_AZNLO_WpH125J_Winc_MINLO_tautau,0.052685,1,1,1
345211,PowhegPy8EG_NNPDF30_AZNLO_WmH125J_Winc_MINLO_tautau,0.033417,1,1,1
# ggH,,,,,
345120,PowhegPy8EG_NNLOPS_nnlo_30_ggH125_tautaul13l7,3.0469,1.0,0.053756,1
345121,PowhegPy8EG_NNLOPS_nnlo_30_ggH125_tautaulm15hp20,6.0938,1,0.037749,1
345122,PowhegPy8EG_NNLOPS_nnlo_30_ggH125_tautaulp15hm20,6.0938,1,0.037826,1
345123,PowhegPy8EG_NNLOPS_nnlo_30_ggH125_tautauh30h20,3.0469,1.0,0.1889,1
# VBF Higgs,,,,,
346190,PowhegPy8EG_NNPDF30_AZNLOCTEQ6L1_VBFH125_tautaul13l7,3.7476,0.007847049533325328,4.6566E-01,1
346191,PowhegPy8EG_NNPDF30_AZNLOCTEQ6L1_VBFH125_tautaulm15hp20,3.7474E-03,0.02888028817468645,1.7637E-01,1
346192,PowhegPy8EG_NNPDF30_AZNLOCTEQ6L1_VBFH125_tautaulp15hm20,3.7473E-03,0.028881058870605505,1.7648E-01,1
346193,PowhegPy8EG_NNPDF30_AZNLOCTEQ6L1_VBFH125_tautauh30h20,9.890E-02,1.0,4.7297E-01,1
,,,,,
################################################################################################################,,,,,
,,,,,
# EWK W ,,,,,
# PoPy,,,,,
600931,PhPy8EG_A14NNPDF23_VBF_Wminusenu,3.1329,1,1.00E+00,1
600931,PhPy8EG_A14NNPDF23_VBF_Wminusenu,3.1329,1,1.00E+00,1
600931,PhPy8EG_A14NNPDF23_VBF_Wminusenu,3.1329,1,1.00E+00,1
600932,PhPy8EG_A14NNPDF23_VBF_Wminusmunu,3.1329,1,1.00E+00,1
600932,PhPy8EG_A14NNPDF23_VBF_Wminusmunu,3.1329,1,1.00E+00,1
600932,PhPy8EG_A14NNPDF23_VBF_Wminusmunu,3.1329,1,1.00E+00,1
600933,PhPy8EG_A14NNPDF23_VBF_Wminustaunu,3.1329,1,1.00E+00,1
600933,PhPy8EG_A14NNPDF23_VBF_Wminustaunu,3.1329,1,1.00E+00,1
600933,PhPy8EG_A14NNPDF23_VBF_Wminustaunu,3.1329,1,1.00E+00,1
600934,PhPy8EG_A14NNPDF23_VBF_Wplusenu,4.4832,1,1.00E+00,1
600934,PhPy8EG_A14NNPDF23_VBF_Wplusenu,4.4832,1,1.00E+00,1
600934,PhPy8EG_A14NNPDF23_VBF_Wplusenu,4.4832,1,1.00E+00,1
600935,PhPy8EG_A14NNPDF23_VBF_Wplusmunu,4.4832,1,1.00E+00,1
600935,PhPy8EG_A14NNPDF23_VBF_Wplusmunu,4.4832,1,1.00E+00,1
600935,PhPy8EG_A14NNPDF23_VBF_Wplusmunu,4.4832,1,1.00E+00,1
600936,PhPy8EG_A14NNPDF23_VBF_Wplustaunu,4.4832,1,1.00E+00,1
600936,PhPy8EG_A14NNPDF23_VBF_Wplustaunu,4.4832,1,1.00E+00,1
600936,PhPy8EG_A14NNPDF23_VBF_Wplustaunu,4.4832,1,1.00E+00,1
# Sherpa,,,,,
700338,Sh_2211_Wenu_maxHTpTV2_BFilter,21742.0,1.0,9.384811E-03,1
700339,Sh_2211_Wenu_maxHTpTV2_CFilterBVeto,21742.0,1.0,0.1489766,1
700340,Sh_2211_Wenu_maxHTpTV2_CVetoBVeto,21742.0,1.0,8.436042E-01,1
700341,Sh_2211_Wmunu_maxHTpTV2_BFilter,21806.0,1.0,0.0097968,1
700342,Sh_2211_Wmunu_maxHTpTV2_CFilterBVeto,21806.0,1.0,0.1460112,1
700343,Sh_2211_Wmunu_maxHTpTV2_CVetoBVeto,21806.0,1.0,8.435552E-01,1
700344,Sh_2211_Wtaunu_L_maxHTpTV2_BFilter,7680.0,1.0,9.015653E-03,1
700345,Sh_2211_Wtaunu_L_maxHTpTV2_CFilterBVeto,7680.0,1.0,0.146033,1
700346,Sh_2211_Wtaunu_L_maxHTpTV2_CVetoBVeto,7680.0,1.0,8.474580E-01,1
700347,Sh_2211_Wtaunu_H_maxHTpTV2_BFilter,14126.0,1.0,0.00867775,1
700348,Sh_2211_Wtaunu_H_maxHTpTV2_CFilterBVeto,14126.0,1.0,1.433596E-01,1
700349,Sh_2211_Wtaunu_H_maxHTpTV2_CVetoBVeto,14126.0,1.0,8.474427E-01,1

700362,Sh_2211_Wenu2jets_Min_N_TChannel,8.5022,1,1.00E+00,1
700362,Sh_2211_Wenu2jets_Min_N_TChannel,8.5022,1,1.00E+00,1
700362,Sh_2211_Wenu2jets_Min_N_TChannel,8.5022,1,1.00E+00,1
700363,Sh_2211_Wmunu2jets_Min_N_TChannel,8.5027,1,1.00E+00,1
700363,Sh_2211_Wmunu2jets_Min_N_TChannel,8.5027,1,1.00E+00,1
700363,Sh_2211_Wmunu2jets_Min_N_TChannel,8.5027,1,1.00E+00,1
700364,Sh_2211_Wtaunu2jets_Min_N_TChannel,8.5013,1,1.00E+00,1
700364,Sh_2211_Wtaunu2jets_Min_N_TChannel,8.5013,1,1.00E+00,1
700364,Sh_2211_Wtaunu2jets_Min_N_TChannel,8.5013,1,1.00E+00,1
,,,,,
################################################################################################################,,,,,
,,,,,
# Diboson EWK,,,,,
# Leptonic,,,,,
700587,Sh_2212_lllljj,0.01151,1,1.00E+00,1
700587,Sh_2212_lllljj,0.01151,1,1.00E+00,1
700587,Sh_2212_lllljj,0.01151,1,1.00E+00,1
700588,Sh_2212_lllvjj,0.048453,1,1.00E+00,1
700588,Sh_2212_lllvjj,0.048453,1,1.00E+00,1
700588,Sh_2212_lllvjj,0.048453,1,1.00E+00,1
700589,Sh_2212_llvvjj_os,0.19336,1,1.00E+00,1
700589,Sh_2212_llvvjj_os,0.19336,1,1.00E+00,1
700589,Sh_2212_llvvjj_os,0.19336,1,1.00E+00,1
700590,Sh_2212_llvvjj_ss,0.045598,1,1.00E+00,1
700590,Sh_2212_llvvjj_ss,0.045598,1,1.00E+00,1
700590,Sh_2212_llvvjj_ss,0.045598,1,1.00E+00,1
700591,Sh_2212_lllljj_Int,0.0023142,1,1.00E+00,1
700591,Sh_2212_lllljj_Int,0.0023142,1,1.00E+00,1
700591,Sh_2212_lllljj_Int,0.0023142,1,1.00E+00,1
700592,Sh_2212_lllvjj_Int,0.0077437,1,1.00E+00,1
700592,Sh_2212_lllvjj_Int,0.0077437,1,1.00E+00,1
700592,Sh_2212_lllvjj_Int,0.0077437,1,1.00E+00,1
700593,Sh_2212_llvvjj_os_Int,0.0063366,1,1.00E+00,1
700593,Sh_2212_llvvjj_os_Int,0.0063366,1,1.00E+00,1
700593,Sh_2212_llvvjj_os_Int,0.0063366,1,1.00E+00,1
700594,Sh_2212_llvvjj_ss_Int,0.0033375,1,1.00E+00,1
700594,Sh_2212_llvvjj_ss_Int,0.0033375,1,1.00E+00,1
700594,Sh_2212_llvvjj_ss_Int,0.0033375,1,1.00E+00,1
700600,Sh_2212_llll,1.2974,1.0,1.000000E+00,1
700601,Sh_2212_lllv,4.661,1.0,1.000000E+00,1
700602,Sh_2212_llvv_os,12.079,1.0,1.000000E+00,1
700603,Sh_2212_llvv_ss,0.022206,1.0,1.000000E+00,1
700604,Sh_2212_lvvv,3.1081,1.0,1.000000E+00,1
# Semi Leptonic,,,,,
364848,MGPy8EvtGen_NNPDF30NLO_A14NNPDF23LO_WWjj_lvqq_EW6_BVeto,1.9993,1,1.75E-01,1
364848,MGPy8EvtGen_NNPDF30NLO_A14NNPDF23LO_WWjj_lvqq_EW6_BVeto,1.9993,1,1.75E-01,1
364848,MGPy8EvtGen_NNPDF30NLO_A14NNPDF23LO_WWjj_lvqq_EW6_BVeto,1.9993,1,1.75E-01,1
364849,MGPy8EvtGen_NNPDF30NLO_A14NNPDF23LO_WWjj_lvqq_EW6_BFilter,1.9778,1,8.31E-01,1
364849,MGPy8EvtGen_NNPDF30NLO_A14NNPDF23LO_WWjj_lvqq_EW6_BFilter,1.9778,1,8.31E-01,1
364849,MGPy8EvtGen_NNPDF30NLO_A14NNPDF23LO_WWjj_lvqq_EW6_BFilter,1.9778,1,8.31E-01,1
364850,MGPy8EvtGen_NNPDF30NLO_A14NNPDF23LO_WZjj_lvqq_EW6,0.2571,1,1.00E+00,1
364850,MGPy8EvtGen_NNPDF30NLO_A14NNPDF23LO_WZjj_lvqq_EW6,0.2571,1,1.00E+00,1
364850,MGPy8EvtGen_NNPDF30NLO_A14NNPDF23LO_WZjj_lvqq_EW6,0.2571,1,1.00E+00,1
364851,MGPy8EvtGen_NNPDF30NLO_A14NNPDF23LO_WZjj_vvqq_EW6,0.15533,1,1.00E+00,1
364851,MGPy8EvtGen_NNPDF30NLO_A14NNPDF23LO_WZjj_vvqq_EW6,0.15533,1,1.00E+00,1
364851,MGPy8EvtGen_NNPDF30NLO_A14NNPDF23LO_WZjj_vvqq_EW6,0.15533,1,1.00E+00,1
364852,MGPy8EvtGen_NNPDF30NLO_A14NNPDF23LO_WZjj_llqq_EW6,0.045605,1,1.00E+00,1
364852,MGPy8EvtGen_NNPDF30NLO_A14NNPDF23LO_WZjj_llqq_EW6,0.045605,1,1.00E+00,1
364852,MGPy8EvtGen_NNPDF30NLO_A14NNPDF23LO_WZjj_llqq_EW6,0.045605,1,1.00E+00,1
364853,MGPy8EvtGen_NNPDF30NLO_A14NNPDF23LO_ZZjj_vvqq_EW6,0.032235,1,1.00E+00,1
364853,MGPy8EvtGen_NNPDF30NLO_A14NNPDF23LO_ZZjj_vvqq_EW6,0.032235,1,1.00E+00,1
364853,MGPy8EvtGen_NNPDF30NLO_A14NNPDF23LO_ZZjj_vvqq_EW6,0.032235,1,1.00E+00,1
364854,MGPy8EvtGen_NNPDF30NLO_A14NNPDF23LO_ZZjj_llqq_EW6,0.0096573,1,1.00E+00,1
364854,MGPy8EvtGen_NNPDF30NLO_A14NNPDF23LO_ZZjj_llqq_EW6,0.0096573,1,1.00E+00,1
364854,MGPy8EvtGen_NNPDF30NLO_A14NNPDF23LO_ZZjj_llqq_EW6,0.0096573,1,1.00E+00,1